### Q486972, human settlement : _wdadd_ 
Q486972,human settlement
Q515,city
Q18702,Royal free city
Q22865,independent city of Germany
Q2327515,city district of Baden-Württemberg
Q61708053,independent city of Saxony-Anhalt
Q61708099,urban district in Saxony
Q61747322,urban district of Thuringia
Q61793478,district independent city of Brandenburg
Q61856863,urban district in Schleswig-Holstein
Q61980648,urban district of Hesse
Q85631896,urban district of Bavaria
Q85632032,urban district of Rhineland-Palatinate
Q85635301,urban district of Mecklenburg-Vorpommern
Q85635630,urban district of North Rhine-Westphalia
Q85635638,urban district of Bremen
Q85635929,urban district of Lower Saxony
Q85636199,urban district of Hamburg
Q57318,free imperial city
Q83020,provincial city
Q104157,city of the Philippines
Q29946056,highly urbanized city
Q133442,city-state
Q148837,polis
Q618846,apoikia
Q742313,Sardinian Judicati
Q914425,Signoria
Q1319414,Mueang
Q2479824,altepetl
Q2561694,city-kingdom of Cyprus
Q4858354,barangay
Q43185013,maritime republic
Q250811,sub-province-level division
Q1050126,State-level new areas of the People's Republic of China
Q262882,statutory city of Austria
Q428986,Linear city
Q474164,Boomtown
Q482810,special city
Q7574799,special city of South Korea
Q482821,metropolitan city of South Korea
Q494721,city of Japan
Q1137833,core city of Japan
Q1145012,special city of Japan
Q1749269,city designated by government ordinance
Q537250,federal city
Q652360,sustainable city
Q677678,fortified town
Q88034,burh
Q5770438,Citânia
Q16537979,castelliere
Q63390901,ville close
Q707813,Hanseatic city
Q713146,County-administered city
Q748149,prefecture-level city
Q810652,bastide
Q896881,city with tens of thousands of inhabitants
Q909458,jōkamachi
Q925381,city with powiat rights
Q1066538,National Central City
Q1093829,city of the United States
Q604886,charter city of the United States
Q13218391,charter city
Q13218382,charter city and county
Q1266818,independent city
Q2974552,city in New Jersey
Q3301053,consolidated city-county
Q13218382,charter city and county
Q13218357,city of California
Q13218391,charter city
Q15063611,city in the state of New York
Q15221256,city of Wisconsin
Q15221304,first-class city
Q15221310,second-class city
Q15221370,third-class city
Q15221373,fourth-class city
Q21010817,city of Pennsylvania
Q21518270,state or insular area capital in the United States
Q55612423,General Law City
Q63440326,city of Oregon
Q1094397,autonomous city
Q16532593,autonomous city of Spain
Q1131233,Monotown
Q15259749,plaatsvormende onderneming
Q1175519,megyei város
Q1187811,college town
Q1231558,smart city
Q1256805,Drei-Flüsse-Stadt
Q1266029,edge city
Q1375749,European City
Q1422929,primate city
Q1547289,Luther city
Q1656724,ideal city
Q1835354,Garnizoensstad
Q1867820,City status in the United Kingdom
Q27104997,civil parish with city status
Q2073573,IJsselsteden
Q2138558,regiopolis
Q2235075,centre city
Q2264924,port settlement
Q11506008,japonské přístavní město
Q2367508,township of Taiwan
Q12039044,urban township of Taiwan
Q12039539,rural township of Taiwan
Q2616791,urban municipality of Poland
Q2844893,cidade
Q3249005,provincial city
Q3559093,sanctuary city
Q3559100,ville aux cent clochers
Q3559227,City in Ireland
Q3657267,Capopieve
Q4189057,Zasjtatny gorod
Q4826725,automotive city
Q4875694,Beach Cities
Q4943467,Boomburb
Q5107861,medieval commune
Q5124027,city proper
Q5770918,city of Argentina
Q6609673,list of cities in British Columbia
Q7574798,special city of North Korea
Q7819319,Czech municipality with expanded powers
Q8069436,zero-carbon city
Q8452914,district town
Q9696256,capital regional
Q9730870,centro de zona
Q11422603,国際観光文化都市
Q11503672,新産業都市
Q11521076,札仙広福
Q11643523,都城
Q12015578,Urban municipality
Q12102963,city specifically designated in the state plan
Q12131624,city in Ukraine
Q5123999,city of regional significance of Ukraine
Q12159392,Seven Cities of Delhi
Q13218690,town in Hungary
Q681277,city with county rights
Q779426,urban district of Hungary
Q13416557,Royal city
Q13455645,administrative city in the Republic of Ireland
Q13539802,place with town rights and privileges
Q262882,statutory city of Austria
Q42744322,urban municipality of Germany
Q22865,independent city of Germany
Q448801,big district town
Q1548518,large district town
Q1548525,large independent city of Lower Saxony
Q3678424,city with special status
Q54935786,medium district town
Q15063600,home rule city of Michigan
Q15092400,independent city
Q257978,statutory city
Q1266818,independent city
Q1381899,municipality of Vietnam
Q15127838,city under state jurisdiction in Latvia
Q15141632,Thesaban Nakhon
Q15260353,host city
Q15273785,Belgian municipality with city privileges
Q15584664,city under municipality jurisdiction in Latvia
Q15647906,city of Portugal
Q15849630,Sun City
Q16133394,ville fortifiée de l'époque de Joshua Bin Nun
Q16181672,special autonomous city in South Korea
Q16825568,Caravan city
Q16858213,town in Romania
Q16878951,private town
Q16933701,principal city
Q18485046,centro sub-regional
Q19974058,groeistad
Q20107855,Ciutat estipendiària
Q21012165,internationaal gedeelde stad
Q21550633,garden city
Q21857891,Swedish city
Q23640644,Levitical city
Q752596,Cities of Refuge
Q6373489,Kartah
Q24700892,post town
Q25377665,gambling city
Q25412763,city in Chile
Q27676416,city or town
Q28659128,city of North Korea
Q29045252,city of South Korea
Q4249901,specific city
Q29556224,city in Cyprus
Q34843301,capital of county in Romania
Q34986717,city of Malaysia
Q37800986,Serbian city
Q42744322,urban municipality of Germany
Q44551483,city
Q54935504,city of Switzerland
Q55440238,city in Alberta
Q58339717,city of India
Q60458065,city
Q63208468,city in Ecuador
Q63208555,city in Gabon
Q63209072,city in Colombia
Q63441182,Sponge city
Q71145903,centro local
Q84140257,Královské město
Q85875185,Morería (city)
Q97460874,Hali
Q101500124,medieval city
Q102104752,city of Bosnia and Herzegovina
Q104414508,100 percent corner
Q532,village
Q45263,Hidden village
Q89691,ksar
Q159350,Rundling
Q184889,Zeilendorf
Q251749,pueblo
Q356090,Reihendorf
Q177966,dead end village
Q351190,Waldhufendorf
Q505681,linear village
Q1699960,Straßenangerdorf
Q1329068,Moorhufendorf
Q1361214,Marschhufendorf
Q1568530,Hagenhufendorf
Q378636,village with a church
Q483519,ri
Q537981,Angerdorf
Q751708,village in the United States
Q7930611,village of Oregon
Q7930612,village of New Jersey
Q7930615,village of Vermont
Q15221242,village of Wisconsin
Q55237813,village of New York
Q771444,aul
Q1134686,frazione
Q1163745,Majsamiklósvár
Q1272305,University village (Leipzig)
Q1317251,fishing village
Q1493533,parish village
Q1512068,sołectwo
Q1529096,village in Turkey
Q1662017,Industriedorf
Q1683373,Edo-period village
Q1743100,church town of Sweden
Q10554290,lappstad
Q1866095,hertogsdorp
Q2092943,ontginningsdorp
Q2098891,Platzdorf
Q2176016,Rundangerdorf
Q2225692,fourth-level administrative division in Indonesia
Q882149,nagari
Q4285979,gampong
Q12488911,kampung
Q12488913,kampung of Papua
Q19944049,pekon
Q23308490,dusun
Q26211545,desa
Q97202782,negeri
Q2225945,satellite village
Q2340158,Zaścianek
Q2393615,schildersdorp
Q2473740,kerkdorp
Q2590631,municipality of Hungary
Q1214945,nagyközség
Q1214947,nagyközség
Q1214953,large village of Hungary
Q72264395,Jakusfölde
Q2633055,twin village
Q2781990,free village of Liège
Q2888533,Gesher HaZiv
Q2974142,circulade
Q3327752,clachan
Q3558965,Cree village
Q3558970,village of Poland
Q9386054,Zakluczyna
Q77836349,Zarszyn
Q3559024,village of Senegal
Q3593580,îlet
Q4155473,vacation village
Q4102813,Valentinovka
Q4174776,village of Japan
Q4205192,исчезнувшие сёла Белогорского района Крыма
Q4205193,исчезнувшие сёла
Q4205194,исчезнувшие сёла Кировского района Крыма
Q4205195,исчезнувшие сёла Красногвардейского района Крыма
Q4205196,исчезнувшие сёла Красноперекопского района Крыма
Q4205197,исчезнувшие сёла Ленинского района Крыма
Q4205198,исчезнувшие сёла
Q4205199,исчезнувшие сёла Первомайского района Крыма
Q4205200,исчезнувшие сёла
Q4205201,исчезнувшие сёла Сакского района Крыма
Q4205202,исчезнувшие сёла Симферопольского района Крыма
Q4205203,исчезнувшие сёла
Q4205204,исчезнувшие сёла Черноморского района Крыма
Q4337558,Dorp (Netherlands)
Q6888356,model village
Q6957995,"villages of Kulp
Q7068215,nucleated village
Q7930614,village of Taiwan
Q12082132,rural village
Q12082384,urban village
Q7963019,Walled villages of Hong Kong
Q9017117,kampong
Q12767238,huštáky
Q13010665,శ్రీనివాసౌదాసిపురం
Q13100073,village-level division in China
Q11129101,ethnic village
Q17361402,community of the People's Republic of China
Q13134971,Bungalowdoarp
Q15630849,village of Bulgaria
Q15701964,జీపాలెం
Q15705202,నల్లపాలెం (రేణిగుంట)
Q16346815,వెదుళ్లచెరువు
Q16351639,aprūpes ciems
Q16352482,skrajciems
Q16355778,vidējciems
Q16362394,lielciems
Q16363214,mazciems
Q16832602,Kommuniondorf
Q16918164,estate village
Q16936588,village of Pennsylvania
Q17591477,Ringdorf
Q18408637,исчезнувшие сёла
Q18691318,registerby
Q19547677,இராணுவக் கிராமங்கள்
Q20538317,village in Saskatchewan
Q20645909,locality with the main parish church
Q21130185,an existing village of a former municipality in Finland
Q21507948,former village
Q350895,abandoned village
Q4205192,исчезнувшие сёла Белогорского района Крыма
Q4205193,исчезнувшие сёла
Q4205194,исчезнувшие сёла Кировского района Крыма
Q4205195,исчезнувшие сёла Красногвардейского района Крыма
Q4205196,исчезнувшие сёла Красноперекопского района Крыма
Q4205197,исчезнувшие сёла Ленинского района Крыма
Q4205198,исчезнувшие сёла
Q4205199,исчезнувшие сёла Первомайского района Крыма
Q4205200,исчезнувшие сёла
Q4205201,исчезнувшие сёла Сакского района Крыма
Q4205202,исчезнувшие сёла Симферопольского района Крыма
Q4205203,исчезнувшие сёла
Q4205204,исчезнувшие сёла Черноморского района Крыма
Q17599845,Creu (Matamala)
Q18408637,исчезнувшие сёла
Q21751582,deserted medieval village
Q27654220,abandoned hamlet
Q50066265,verbrand dorp
Q100268926,iberian settlement
Q21751582,deserted medieval village
Q21672098,village of Ukraine
Q23012917,village of Burkina Faso
Q23827464,markaz in Saudi Arabia
Q23827730,village in Sudan
Q23828031,village in Jordan
Q25565492,Paulesh
Q25637977,Traditional Sinhala villages
Q27942327,village in Vietnam
Q28328984,village in Armenia
Q28371991,village of Yemen
Q30503896,asemakylä
Q30503903,hajakylä
Q30503904,harjukylä
Q30503905,jokikylä
Q30503908,järvikylä
Q30503911,kehäkylä
Q30503912,kumpukylä
Q30503913,metsäkylä
Q30503916,moniryhmäinen kylä
Q30503918,raittikylä
Q30503922,ryhmäkylä
Q30503925,sesonkikylä
Q30503928,tasankokylä
Q30503930,vaarakylä
Q41501164,village of Crimea
Q47254761,village in Finland
Q48731335,village of Brunei
Q49271840,Village-level division of Republic of China
Q51049922,village
Q54980441,Pishaj
Q56436498,village in India
Q58034368,Rrumbullak
Q58034386,Sallbegaj
Q58042577,Steblevë
Q58043944,Prrenjas-Fshat
Q60913568,village in Russia
Q62251453,village of Cambodia
Q64210393,Kurdish village
Q64648301,Yawkasakrom
Q67927652,village in Malaysia
Q68028199,raabizační vesnice
Q78816625,Medieval villages in France
Q90133396,Borokalia Nashkara
Q102240431,Chinese village
Q3957,town
Q735428,town in China
Q1059478,town of Japan
Q1269749,town with fewer than 5000 inhabitants
Q1357964,county town
Q1968403,post town
Q2393184,hill station
Q5762461,Hill town
Q5764144,Hilltowns in Italy
Q6643740,town in Manitoba
Q10270157,new town
Q11418825,問屋街
Q11549307,water town
Q12047276,provincial town
Q12057022,medieval town
Q5764144,Hilltowns in Italy
Q66765132,Medieval hilltop towns in Italy
Q12336912,Railway towns in Denmark
Q13025342,Thesaban Mueang
Q13033753,ladested
Q15105893,town in Croatia
Q15127012,town of the United States
Q2154459,New England town
Q15411479,town of Connecticut
Q7829892,town of New Jersey
Q15411644,town of Virginia
Q98938901,town of Vermont
Q18511725,market town
Q10571400,köping
Q19833170,town of Portugal
Q25412766,town of Chile
Q28067896,Kurort
Q52132873,town
Q55430416,town in Alberta
Q58339518,town in India
Q67259991,Hinterland communities of  South East Queensland
Q78764992,port town
Q90881611,castle town
Q98556505,Railway towns in Australia
Q100503226,town of the United Kingdom
Q100961648,historic town
Q5119,capital
Q257391,federal capital
Q377283,temporary capital
Q1557068,Ndumba
Q2324785,Amsterdam as a gay capital
Q2912045,Summer capital
Q3147563,regency seat
Q4442912,capital of Russia
Q11271835,state capital
Q14784328,state capital in Germany
Q21507383,provincial or territorial capital city in Canada
Q21518270,state or insular area capital in the United States
Q12031379,capital of region
Q14770218,cantonal capital of Switzerland
Q15840617,planned capital city
Q34843301,capital of county in Romania
Q65589340,capital of a prefecture of Japan
Q104600084,Winter capital
Q15284,municipality
Q15334,municipality of Poland
Q2616791,urban municipality of Poland
Q3491915,urban-rural municipality of Poland
Q3504085,rural municipality of Poland
Q24764,municipality of the Philippines
Q57058,municipality of Croatia
Q127448,municipality of Sweden
Q6621272,former municipality of Sweden
Q28045485,market town municipality of Sweden
Q11722303,rural municipality of Sweden and Finland
Q203300,municipality of Liechtenstein
Q262166,municipality of Germany
Q114178,Bürgerkommune
Q134626,district capital
Q1650922,rural municipality
Q1815926,effective rural municipality
Q2267870,independent community
Q13430105,Gemeinde im Landkreis Main-Spessart
Q15974307,Einheitsgemeinde of Germany
Q41778911,Ortsgemeinde of Rhineland-Palatinate
Q42744322,urban municipality of Germany
Q100341898,market municipality of Germany
Q348884,Municipalsamhälle
Q13420058,Municipalsamhälle in Sweden
Q378508,municipality of Angola
Q484170,commune of France
Q2989454,commune nouvelle
Q20899166,regional capital (France)
Q22927548,commune in merger-association
Q22927616,commune of France with specific status
Q493522,municipality of Belgium
Q737681,municipalities with language facilities
Q4314343,language border municipality
Q15273785,Belgian municipality with city privileges
Q499073,direct-controlled municipality
Q515483,baladiyah
Q685320,municipality of Qatar
Q2989398,commune of Algeria
Q6629667,list of municipalities in Turkey
Q6936383,municipality of Lebanon
Q15650103,municipality of Libya
Q562061,market municipality
Q3374262,market town
Q609042,shtetl
Q16858213,town in Romania
Q16915447,Handelspladser i Danmark
Q100341898,market municipality of Germany
Q640364,municipiu of Romania
Q667509,municipality of Austria
Q262882,statutory city of Austria
Q1802801,rural municipality of Austria
Q19347965,former municipality of Austria
Q692680,Ortsgemeinde
Q41778911,Ortsgemeinde of Rhineland-Palatinate
Q719592,local council of Malta
Q747074,comune of Italy
Q954172,Comune sparso
Q3685476,abolished municipality in Italy
Q755707,municipality of Norway
Q11983070,rural municipality of Norway
Q18646840,divorce municipality
Q18663579,former municipality of Norway
Q99691499,kommune
Q856076,municipality of Finland
Q11722303,rural municipality of Sweden and Finland
Q11891850,skärgårdskommun
Q17468533,former municipality of Finland
Q856079,municipality of the Faroe Islands
Q96948740,former municipality of the Faroe Islands
Q955655,municipality of Iceland
Q1054813,municipality of Japan
Q494721,city of Japan
Q1059478,town of Japan
Q4174776,village of Japan
Q5327704,special ward of Japan
Q18663566,dissolved municipality of Japan
Q1155688,Thesaban
Q13025342,Thesaban Mueang
Q15141625,subdistrict municipality
Q15141632,Thesaban Nakhon
Q1208802,direct-controlled municipality
Q1232414,Großgemeinde
Q1307779,integrated municipality
Q15974307,Einheitsgemeinde of Germany
Q1349648,municipality of Greece
Q1381899,municipality of Vietnam
Q1410029,list of the municipi of Genoa
Q1500352,local municipality
Q1544184,Landgemeinde in Preußen
Q1633408,concelho
Q12712989,concelho of Cape Verde
Q13217644,municipality of Portugal
Q10423826,Azorernas kommuner
Q1758856,commune of Mali
Q1763214,municipio
Q263639,municipality of Puerto Rico
Q318727,municipality of Nicaragua
Q558330,municipality of Cuba
Q1062710,municipality of Bolivia
Q1872284,municipality of Guatemala
Q1952852,municipality of Mexico
Q2997091,municipality of Tamaulipas
Q3500564,municipality of Nuevo León
Q66126784,municipality of Sonora
Q2074737,municipality of Spain
Q2276925,municipality of Galicia
Q3284867,cendea of Navarre
Q5055981,Conceyu d'Asturies
Q20103881,Municipis de les Illes Balears amb la senyera
Q33146843,municipality of Catalonia
Q55863584,former municipality of Spain
Q61763947,municipality of Aragon
Q2555896,municipality of Colombia
Q2602693,municipality of Honduras
Q3243765,municipality of Argentina
Q3327920,municipality of Venezuela
Q3556889,municipality of El Salvador
Q3685434,municipality of Uruguay
Q6005581,municipality of the Dominican Republic
Q1840161,commune of Chile
Q1849719,municipal formation in Russia
Q634099,rural settlement of Russia
Q2115448,intra-city territory of a federal city
Q4389092,district of Moscow
Q42619282,municipal okrug of Saint Petersburg
Q2661988,urban settlement in Russia
Q3677886,Circondario rurale
Q13626398,urban okrug in Russia
Q60849925,municipal district in Russia
Q6838968,Kozhuun
Q18632459,ulus
Q1906268,municipality of Bulgaria
Q1963041,municipality of Moldova
Q2039348,municipality of the Netherlands
Q2595432,Millennium Gemeente
Q2689658,central municipality
Q7265977,former municipality of the Netherlands
Q2101494,municipality in Switzerland
Q70208,municipality of Switzerland
Q685309,former municipality of Switzerland
Q54935504,city of Switzerland
Q206824,Zivilgemeinde
Q1019292,Bäuert
Q1021096,civic community
Q1307779,integrated municipality
Q1440591,Fraktionsgemeinde
Q1500394,Gemeindedualismus
Q1501116,Gemischte Gemeinde
Q1751950,Korporationsgemeinde
Q2148181,Rhode
Q2251202,Schulgemeinde
Q55118936,Kirchgemeinde
Q56293109,Civic community
Q74303884,Munizipalgemeinde
Q98651954,Viertelsgemeinde
Q2183520,obec
Q5153359,municipality of the Czech Republic
Q7819319,Czech municipality with expanded powers
Q7841907,municipality with authorized municipal office
Q15978299,municipality with town privileges in the Czech Republic
Q257978,statutory city
Q16155707,Městys
Q6784672,municipality of Slovakia
Q2195811,titular city
Q2229627,miljonairsgemeente
Q2248015,overloopgemeente
Q2280389,fusiegemeente
Q2460358,Turkse gemeente
Q2661988,urban settlement in Russia
Q2989400,commune of Morocco
Q3327862,urban commune of Morocco
Q17318027,rural commune of Morocco
Q3184121,municipality of Brazil
Q3298871,sundown town
Q3327870,municipal corporation in the United States
Q252708,list of municipalities in New Jersey
Q751708,village in the United States
Q1093829,city of the United States
Q4946305,borough in the United States
Q408804,borough of New York City
Q777120,borough of Pennsylvania
Q2911266,borough of New Jersey
Q4946304,borough of Connecticut
Q7900180,urban township of the United States
Q7900181,urban township of Michigan
Q7900183,urban township of Ohio
Q15063142,urban township of Minnesota
Q15127012,town of the United States
Q64636958,school district of Oregon
Q3327871,district municipality
Q3374262,market town
Q3505887,city council
Q3752524,gmina's auxiliary unit
Q1434401,dzielnica
Q9248451,Dzielnice Gdyni
Q3788231,Municipal government in Canada
Q2218838,list of municipalities in Nova Scotia
Q5532181,General Service Area
Q6643749,list of towns in Nova Scotia
Q15731904,municipal district of Nova Scotia
Q2416047,list of communities in Alberta
Q2089229,list of cities in Alberta
Q6621998,list of hamlets in Alberta
Q6641762,summer village in Alberta
Q6644696,village in Alberta
Q7574919,specialized municipality in Alberta
Q14762205,municipal district of Alberta
Q15234658,improvement district of Alberta
Q18285253,Alberta special area
Q28656402,new town in Alberta
Q55430416,town in Alberta
Q55440238,city in Alberta
Q3111821,list of communities in New Brunswick
Q603715,county of New Brunswick
Q2371398,Regional Service Commission
Q2989369,rural community of New Brunswick
Q3032041,local service district
Q3252927,parish in New Brunswick
Q6609748,city of New Brunswick
Q6644759,village of New Brunswick
Q52132873,town
Q3327873,local municipality of Quebec
Q3558965,Cree village
Q3559003,northern village
Q17290932,Cree reserved land
Q27676414,city
Q27676416,city or town
Q27676420,village municipality of Quebec
Q27676422,township municipality
Q27676424,united townships municipality
Q27676428,municipality
Q27676431,naskapi village municipality
Q27676524,parish municipality
Q27824520,Inuit reserved land
Q29386689,terres réservées aux Naskapis
Q3327874,rural municipality of Canada
Q3327899,municipality of Ontario
Q14762300,single-tier municipality
Q6593035,separated municipality in Ontario
Q15210668,lower-tier municipality
Q16295254,upper-tier municipality
Q14762890,regional municipality of Ontario
Q14763041,county of Ontario
Q55774719,township municipality in Ontario
Q11774771,county of Nova Scotia
Q15068900,town in Prince Edward Island
Q20538317,village in Saskatchewan
Q44529188,town
Q44551483,city
Q59341087,town in Nova Scotia
Q60458065,city
Q6024226,metropolitan municipality
Q1530824,metropolitan municipality of South Africa
Q2716259,metropolitan municipality in Turkey
Q6784672,municipality of Slovakia
Q6936383,municipality of Lebanon
Q6936404,Municipalities of the State of Palestine
Q7268568,former grietenij
Q10401396,administrativ tätort
Q10433151,civic municipality
Q13539802,place with town rights and privileges
Q13997861,partido of Buenos Aires
Q14502790,settlement of Hungary
Q2590631,municipality of Hungary
Q13218690,town in Hungary
Q15129871,municipality of Azerbaijan
Q15253706,like a city
Q494721,city of Japan
Q587089,city with municipal rights
Q1070990,county-level city
Q1093829,city of the United States
Q2215397,"English-language word ""city""
Q102104752,city of Bosnia and Herzegovina
Q16511251,municipality of Greenland
Q16739079,municipalities of Cyprus Republic
Q17134625,municipality of Bermuda
Q18918041,municipality of West Bengal
Q19730508,former municipality
Q666943,associated commune
Q685309,former municipality of Switzerland
Q3685476,abolished municipality in Italy
Q6621272,former municipality of Sweden
Q7265977,former municipality of the Netherlands
Q17468533,former municipality of Finland
Q18663566,dissolved municipality of Japan
Q18663579,former municipality of Norway
Q18821702,former commune of France
Q19347965,former municipality of Austria
Q21869758,delegated commune
Q23036513,former municipality of Denmark
Q26742250,former municipality of Estonia
Q55863584,former municipality of Spain
Q57416832,former municipality of Greenland
Q96948740,former municipality of the Faroe Islands
Q20826840,municipality
Q24945773,Human Rights City
Q28916128,local government district
Q29390553,Δημοτικό διαμέρισμα Λιβαρτζίου Αχαΐας
Q29390824,Δημοτικό διαμέρισμα Λεχουρίου Αχαΐας
Q29390827,Δημοτικό διαμέρισμα Καμενιάνων Αχαΐας
Q29390831,Δημοτικό διαμέρισμα Αναστάσεως Αχαΐας
Q29390834,Δημοτικό διαμέρισμα Αγραμπέλων Αχαΐας
Q29390837,Δημοτικό διαμέρισμα Ψωφίδος Αχαΐας
Q29473586,Δημοτικό διαμέρισμα Γλάστρας Αχαΐας
Q29473607,Δημοτικό διαμέρισμα Δρυμού Αχαΐας
Q30060572,rural municipality of Canada
Q30330519,Amalgamated hromada
Q31835971,Munizipalität
Q33101426,urban council of Ukraine
Q41067667,municipality of Tunisia
Q54115138,municipality of New Jersey
Q2911266,borough of New Jersey
Q2974552,city in New Jersey
Q7829892,town of New Jersey
Q7830213,township of New Jersey
Q7930612,village of New Jersey
Q55313685,municipality of Macau
Q63440326,city of Oregon
Q64515521,Municipality of South Vietnam
Q68889614,rural municipality
Q11722303,rural municipality of Sweden and Finland
Q11983070,rural municipality of Norway
Q12336315,rural municipality of Denmark
Q71111443,politische Israelitengemeinde
Q74293993,rural municipality
Q76514543,municipality of Georgia
Q89031988,provincial municipality of Turkey
Q96857311,Village of Guam
Q98058553,Municipal worker
Q100503226,town of the United Kingdom
Q39463,trading post
Q218739,Entrepôt
Q258913,kontor
Q69391739,Greek colony
Q618846,apoikia
Q655593,emporia
Q62049,county seat
Q123601,cities and towns in Lebanon
Q130360,
Q158490,Gaeltacht
Q13414965,Gaeltacht Iorrais agus Acaill
Q159350,Rundling
Q161387,kibbutz
Q1567101,Hakhshara
Q2888533,Gesher HaZiv
Q7886462,Moshav shitufi
Q7900128,Urban kibbutz
Q16132253,גן הנוף הקיבוצי
Q188509,suburb
Q687312,Vorort
Q828359,commuter town
Q1940624,Banlieue
Q6028003,Industrial suburb
Q6035676,inner suburb
Q7632428,suburb of Canberra
Q23010647,suburb of Perth
Q26086501,rabat
Q79119281,Orten
Q192601,oppidum
Q211450,closed city
Q253019,Ortsteil
Q1852178,locality of Düsseldorf
Q15632166,city part of Cologne
Q35034452,locality of Berlin
Q62394014,Quarters of Aachen
Q79337953,Stadtteil von Kiel
Q269528,unincorporated area
Q5586091,gore
Q6622000,hamlet in Saskatchewan
Q7209617,Police village
Q7885245,unincorporated urban community of Canada
Q15974311,unincorporated area in Germany
Q17343829,unincorporated community in the United States
Q442799,faubourg
Q498162,census-designated place
Q5645450,hamlet of Clackamas County in Oregon
Q7885248,"unincorporated communities in Eau Claire County
Q7885250,unincorporated town in Nevada
Q17366755,hamlet in Alberta
Q28924735,"unincorporated area of Victoria
Q52994899,unincorporated area of Greenland
Q56885310,compact rural community
Q56885635,Dispersed rural community in Canada
Q88397339,Railway point in Canada
Q329245,basic unit of settlement in Czechia
Q350735,tae
Q1266202,Jesuit reduction
Q465960,Jesuit missions among the Guaraní
Q15727363,Jesuit Missions of La Santísima Trinidad de Paraná and Jesús de Tavarangüé
Q356090,Reihendorf
Q424857,ōaza
Q456075,Pueblos jóvenes
Q484170,commune of France
Q498162,census-designated place
Q505963,artificial dwelling hill
Q14947481,wierde
Q509028,ranch
Q1748732,movie ranch
Q2679045,rancho of California
Q5615133,guest ranch
Q581830,carfree city
Q582706,Israeli settlement
Q2908791,Israeli outpost
Q587144,census town
Q16830604,census town of India
Q618299,settlement
Q3744870,township
Q11881845,town
Q15715391,town inside a parish
Q50809253,alev
Q51049922,village
Q622499,refugee camp
Q1154868,Displaced persons camp
Q17507358,Syrian refugee camps
Q627236,company town
Q4012861,mill town
Q18696097,Textile Company Town in Catalonia
Q99945381,Farmers' company town
Q674950,residential area
Q2801464,woonschool
Q3558972,airpark
Q5215430,danchi
Q5916199,housing development
Q826553,Falowiec
Q2140144,tract housing
Q7315416,residence park
Q10715540,Residential Zone
Q11503991,新興住宅地
Q11505677,日本のニュータウン
Q18587469,residential community
Q864288,bioenergy village
Q985488,residential community of the People's Republic of China
Q17361402,community of the People's Republic of China
Q1074523,planned community
Q1656724,ideal city
Q1762524,planned community in France
Q6888356,model village
Q15840617,planned capital city
Q16014774,大韓民国の計画都市
Q41560536,Innovation City
Q41560536,Innovation City
Q56152103,Greenbelt town
Q65241205,ニュータウン
Q2373919,intentional community
Q161387,kibbutz
Q295472,ecovillage
Q517760,commune
Q992194,Hutterite colony
Q1296717,Egalitarian community
Q4693952,Agricultural commune
Q4797182,art commune
Q917146,moshav
Q7886462,Moshav shitufi
Q992194,Hutterite colony
Q1107167,cohousing
Q7549943,sober living house
Q1762221,Neotribalism
Q1780633,religious intentional community
Q2148684,co-operative living arrangements
Q442993,group home
Q2002507,Notschlafstelle
Q2207993,Tehuis voor werkenden
Q3060146,tehuis voor niet-werkenden
Q2907285,youth village
Q2945522,nudist community
Q22907229,Christian Communities
Q29641323,Womyn's land
Q4691828,age-restricted community
Q1269448,retirement community
Q6980841,Naturally occurring retirement community
Q4677538,active adult housing
Q20818846,Molukse wijk
Q30493986,villa area
Q42402287,cité
Q702492,urban area
Q515,city
Q3957,town
Q159313,urban agglomeration
Q941150,city region
Q5124028,City region
Q1029013,Megaregions of the United States
Q2514492,Verdichtungsgebiet
Q4056979,agglomeration of Russia
Q17457437,Census agglomeration
Q215712,urban heat island
Q245260,conurbation
Q317548,resort town
Q442799,faubourg
Q471822,megalopolis
Q1419251,Quebec City–Windsor Corridor
Q1479822,urban unit
Q1750414,Asty
Q2989457,urban-type settlement
Q4374398,urban-type settlement in Uzbekistan
Q4436080,"city with a population of more than 10
Q7216840,urban-type settlement in Ukraine
Q15008703,daba
Q15078955,urban-type settlement in Russia
Q20019082,work settlement of Russia
Q27517161,курортный посёлок в России
Q27587491,городской посёлок
Q19507642,курортный посёлок
Q27517161,курортный посёлок в России
Q5951278,urban area
Q104774075,urbanized area
Q104774089,urban cluster
Q6566301,urban area in Nordic countries
Q12304704,urban area in Denmark
Q12813115,urban area in Sweden
Q15092344,urban settlement defined by Statistics Norway
Q61492541,urban area in Finland
Q7900093,urban area of New Zealand
Q10499251,vacation area
Q11480697,市街地
Q17174727,中心市街地
Q65241205,ニュータウン
Q65274067,町場
Q2827758,Ai no shuku
Q12003595,strandsted
Q12813115,urban area in Sweden
Q13028920,окольный город
Q14839548,minor locality in Sweden
Q17457202,population centre
Q20738855,urban area with a population of 150-199
Q28502371,supermanzana
Q61492541,urban area in Finland
Q66626342,urban ensemble
Q3317612,historic grouping
Q91730648,urban-type settlement in Belarus
Q91733160,urban settlement in Belarus
Q91733598,resort settlement in Belarus
Q91733790,worker settlement in Belarus
Q104774075,urbanized area
Q104774089,urban cluster
Q748198,gay village
Q748331,stanitsa
Q4437001,stanitsa in Russia
Q780454,Aussiedlerhof
Q790344,district of Barcelona
Q75135425,district de Barcelone
Q75135432,barrio administrativo de Barcelona
Q811303,Bauernschaft (Organisationsform)
Q815324,town municipality of Turkey
Q820254,mining community
Q5137839,Coal town
Q841869,new town of Hong Kong
Q866623,Olympic Village
Q917146,moshav
Q992194,Hutterite colony
Q1021711,seaside resort
Q2087991,Romanian Black Sea resorts
Q3497368,Station balnéaire en France
Q17634997,balneario
Q1074523,planned community
Q1093829,city of the United States
Q1094545,Civitas
Q1128482,container village
Q1130491,Sloboda
Q1134686,frazione
Q1138414,hermitage
Q65562265,Hermitage of San Miguel de Arretxinaga
Q1175522,ciudad del condado
Q1198413,military camp
Q88205,castrum
Q89477,castellum
Q1568283,milecastle
Q21086297,castellum aquae
Q81324829,temporary camp associated with the Antonine Wall
Q1264690,transit camp
Q14520137,winter camp
Q18088164,Zomerkamp
Q1234236,Pā
Q1288520,local council in Israel
Q1294703,shanty town
Q693827,favela
Q8960966,favela in Rio de Janeiro
Q10280357,favela in São Paulo
Q1516519,Hooverville
Q4804181,asentamiento
Q1321241,outpost
Q1326028,camp
Q152081,concentration camp
Q328468,Nazi concentration camp
Q153813,extermination camp
Q277565,campo de educación para el trabajo
Q523342,Emslandlager
Q678820,Jugendkonzentrationslager
Q15644358,Arbeitslager
Q15806875,Durchgangslager
Q55118208,internment Camp for Romani people
Q83854831,family camp
Q83857655,hostage camp
Q83859074,women's camp
Q83861849,tent camp
Q83863399,men's camp
Q461741,NKVD special camp
Q628505,labor camp
Q199895,Katorga
Q2363597,Nerchinsk katorga
Q277565,campo de educación para el trabajo
Q2369529,Jewish Labour Camp
Q2403977,prison labour camp
Q24195237,Poprawczy Obóz Pracy
Q56507866,camp of the Gulag
Q4338251,MVD special camp
Q19602272,Kolymské gulagy
Q12060108,tábor nucené práce
Q101416522,tábory nucené práce při československých uranových dolech
Q15644358,Arbeitslager
Q101406037,trestanecké pracovní tábory při československých uranových dolech
Q1719244,subcamp
Q2935245,concentration camp in France
Q4922356,black jail
Q8343784,clandestine center of detention and torture
Q728934,black site
Q2944950,clandestine detention centre
Q67184399,centro de detención política y tortura en Chile
Q14916829,internment camp
Q2432369,Japanese internment camps in the Dutch East Indies
Q15876732,internment camp on the Isle of Man
Q37501518,Japanese Americans relocation camp
Q55137114,British concentration camps
Q55506436,Xinjiang re-education camps
Q58854609,centro de detención y tortura
Q60723709,re-education camp
Q4896947,re-education camp
Q91088676,Campi di internamento dell'Abruzzo
Q810227,base camp
Q1495733,Grenzdurchgangslager
Q1719244,subcamp
Q1348006,city block
Q877290,Gemeindebau
Q12816129,béguinage
Q28228887,insula
Q26960982,insula
Q101475956,superblock
Q1372205,dispersed settlement
Q56885635,Dispersed rural community in Canada
Q1391818,military dependents' village
Q1394476,civil township
Q2154459,New England town
Q6643834,township of North Dakota
Q7132722,paper township of Ohio
Q5251732,"defunct townships of Cuyahoga County
Q7830213,township of New Jersey
Q9035798,township of Pennsylvania
Q15219655,civil town of Wisconsin
Q17198524,civil township of South Dakota
Q17198545,township of Illinois
Q17198620,township of Ohio
Q17201685,township of Indiana
Q17205621,township of Iowa
Q17205735,township of Kansas
Q17205774,township of Michigan
Q17351697,township of New Hampshire
Q42211429,township of Minnesota
Q15063142,urban township of Minnesota
Q1415423,Quilombo
Q1426493,trailer park
Q1501046,community settlement
Q1507736,torp
Q3700328,military croft
Q54959403,dragon torp
Q1529096,village in Turkey
Q1568229,hay
Q1623243,Hofschaft
Q1652571,hut village
Q1669338,Ortslage
Q1758254,Moorkolonisierung
Q1807977,Veenkoloniën
Q1770306,Südtiroler-Siedlung
Q1782540,railway town
Q1891566,vaardorp
Q1907114,metropolitan area
Q15110,metropolitan city of Italy
Q244793,twin cities
Q691960,satellite city
Q687312,Vorort
Q1132300,metropolitan region in Germany
Q1768043,Metropolitan Statistical Area
Q2342385,urban area
Q3333855,Métropole
Q3685462,commune of Haiti
Q3931970,metropolitan region in Brazil
Q5124028,City region
Q6024226,metropolitan municipality
Q6174014,Área metropolitana de Palma de Mallorca
Q7899896,Urban Employment Area
Q10865718,三大都市圏
Q11962746,metropolitan region of Norway
Q22675614,pentapolis
Q48845950,union métropolitaine
Q1928746,moshava
Q1962175,Nahal settlement
Q1963395,crossroad village
Q2012289,herdgang
Q2094129,domeinakkerdorp
Q2168991,Rotte
Q2180609,deltametropool
Q2191999,Pogost
Q2196159,curtis
Q2197079,dubbelstad
Q2276760,longtang
Q2294779,voorstraatdorp
Q2334604,transmigratiedorp
Q2392703,essenzwermdorp
Q2445823,floating city
Q1957554,ecoboot
Q5459907,floating city
Q2519150,Displaced city
Q2523643,kransakkerdorp
Q2560332,Werkbundsiedlung
Q2564609,Westend
Q2605228,keuternederzetting
Q2752520,geestnederzetting
Q2755753,area of London
Q2774769,cité
Q2907285,youth village
Q2989457,urban-type settlement
Q3113369,Little Saigon
Q3172900,kolonie
Q3257686,locality
Q532,village
Q228385,Zugewandter Ort
Q1350536,naukograd
Q1529096,village in Turkey
Q1759006,Oberhof
Q2191560,Skid row
Q3055118,single entity of population
Q5670577,alquería
Q5756064,casería
Q11912920,casal
Q15793693,caserío
Q16557344,diseminado
Q17624511,caserío
Q11954567,veïnat
Q16557344,diseminado
Q3446093,Saltpeter works
Q3545675,city of license
Q3835961,località
Q5978208,locality of Colombia
Q7930989,city/town
Q515,city
Q3957,town
Q159438,Hero City
Q174844,megacity
Q187768,cities and towns in Russia
Q200209,cities of Ukraine
Q5124045,city with special status
Q12131640,city of district significance
Q692581,holy city
Q12057402,holy city of Islam
Q896881,city with tens of thousands of inhabitants
Q902814,border town
Q67123843,town divided by border
Q1549591,big city
Q1637706,city with millions of inhabitants
Q174844,megacity
Q200250,metropolis
Q6024226,metropolitan municipality
Q10329259,metropoli nacional
Q71144301,metropolitan region
Q3199141,city of Indonesia
Q11881845,town
Q15253706,like a city
Q15584664,city under municipality jurisdiction in Latvia
Q15978299,municipality with town privileges in the Czech Republic
Q16724476,town of Belarus
Q18398645,types of towns and cities in Russia
Q183342,federal city of Russia
Q5123997,city of federal subject significance of Russia
Q56575365,city of krai significance
Q56580032,city of republic significance
Q56580326,city of okrug significance
Q56580425,city of oblast significance
Q7830079,town of district significance in Russia
Q18466065,Cidade média-pequena
Q18466176,Cidade pequena
Q19608753,Cidade média-grande
Q20724701,city or town in Armenia
Q50330360,second largest city
Q51929311,largest city
Q56557504,city of Iran
Q56557664,şəhər
Q79323854,city of oblast subordinance
Q79324274,city of raion surbodinance
Q89487741,city of Bulgaria
Q104488513,proposed city
Q11696869,Organización territorial de las Islas Pitiusas
Q16557344,diseminado
Q16652878,заимка
Q20202352,locality of Mexico
Q20541692,"settlement in Galicia
Q30114493,bounded rural locality
Q39881836,nicht amtlicher Ortsname
Q52154375,district or neighborhood of Los Angeles
Q3332809,Megastructures
Q3390714,plaza fuerte
Q3477348,urban sector
Q660088,garden city
Q2974620,cité-jardin à Stockholm
Q745456,business cluster
Q3412193,business cluster in France
Q800188,Île-de-France Clusters
Q4826120,auto row
Q7315048,Research-Intensive Clusters
Q13734172,Italian industrial district
Q3711763,tourist district
Q3497366,whaling station
Q3505887,city council
Q3519572,Thankful Village
Q3559019,urban village
Q3575763,permanent autonomous zone
Q3835961,località
Q4012861,mill town
Q4313794,populated place in Georgia
Q109199,list of cities and towns in Georgia
Q4373615,colony of the Russian empire
Q4375340,pochinok
Q4632675,dwelling place
Q1021360,place of origin
Q1852859,populated place in the Netherlands
Q89266677,résidence aristocratique
Q4668360,Aboriginal community in Western Australia
Q4688498,aerotropolis
Q5068175,Chak
Q5148433,Colonias of Mexico City
Q5158311,Concentrated poverty
Q5195043,borough
Q211690,London borough
Q1006876,borough in the United Kingdom
Q518343,municipal borough
Q1002812,metropolitan borough
Q4272761,administrative city of Indonesia
Q4946305,borough in the United States
Q4946361,Boroughs of Canada
Q13410522,borough of Alaska
Q19905455,borough
Q578521,borough of Montreal
Q23953065,local urban district
Q5327369,chōchō
Q11381457,tenmachō
Q28754498,丁目
Q5327509,koaza
Q5446765,mahala
Q60220838,Колиби
Q5476644,Fox Cities
Q5500414,Freedmen's town
Q5708091,Asentamientos prehispánicos en Santiago de Chile
Q6636519,resort village in Saskatchewan
Q7005232,New Age communities
Q7112842,outpost
Q2502365,Little America
Q12721325,human outpost
Q7209617,Police village
Q7557352,Soldier settlement
Q7830214,crofting township
Q7930989,city/town
Q9093938,Walled villa
Q10354598,rural settlement
Q532,village
Q5084,hamlet
Q638626,Banjar (Sociology of Bali)
Q1484611,buurtschap
Q2012289,herdgang
Q25616677,waterbuurtschap
Q1714048,Jurydyka
Q1713951,Juridiken in Warschau
Q63531558,Jurydyki Potockich herbu Pilawa
Q3327752,clachan
Q7551933,mahallah
Q12015918,Siedlung
Q12763958,chatová osada
Q13028711,Беларуская вёска
Q16557344,diseminado
Q19939940,ban
Q23925393,douar
Q25412758,aldea de Chile
Q25421146,llogaret
Q27654220,abandoned hamlet
Q30559599,group of houses
Q65661087,village in Belarus
Q97410416,derevnya
Q131596,farm
Q25691,crocodile farm
Q132213,Haubarg
Q188913,plantation
Q22715,vineyard
Q155511,plant nursery
Q5396348,Tree breeding
Q12372955,tree nursery
Q28541343,forest tree nursery
Q236371,orchard
Q3350685,olive grove
Q3555847,Verger conservatoire
Q20658319,Community orchard
Q1399147,Fazenda
Q1847458,engenho
Q10272959,engenho de erva-mate
Q10280443,Fazenda São Marcos
Q2051209,Koffieplantage
Q2465988,houtgrond
Q2948675,champignonnière
Q3555852,seed orchard
Q10499752,fröplantager i Sverige
Q7201627,plantations in the American South
Q14419427,sugarcane plantation
Q1847458,engenho
Q16514244,Klitplantage
Q16668702,Palm grove
Q21598521,prutník
Q70780172,tea plantation
Q97122090,Plantages in Suriname
Q243882,Zwerchhof
Q273615,sovkhoz
Q477195,Meierhof
Q780454,Aussiedlerhof
Q1169748,cascina a corte
Q1258093,Dreiseithof
Q1311819,Heimet
Q1416696,finca
Q2110788,posessió
Q5769220,cigarral
Q8196150,almunia (edificio)
Q12161100,cortijo
Q15501937,alqueria
Q25339974,quinta
Q1635663,folwark
Q1788752,kongsgård
Q1974855,Dehkan farm
Q2116450,manor estate
Q1887569,shōen
Q11352443,一円荘園
Q11396522,shoki-shōen
Q11420479,国免荘
Q11452119,kanshōfu-shō
Q11455719,kishinchi-kei-shōen
Q11488831,mikuriya
Q11659397,雑役免系荘園
Q2066754,manor
Q13455211,Beigut
Q2164984,Plaas
Q2288876,farm with camp site
Q2523674,Vierseithof
Q2650083,museum farm
Q2786687,Steenhuis
Q2843044,tree farm
Q2979655,closerie
Q3068961,city farm
Q3333432,métairie
Q3354019,seat farm
Q3631457,azienda agricola
Q3632873,Bailey
Q3661417,casale
Q4134849,hemman
Q4353657,Kronohemman
Q4693828,Agri-entertainment
Q5256322,demonstration farm
Q5433334,family farm
Q5447132,field system
Q5844636,model farm
Q5874958,Hobby farm
Q7199986,Pizza farm
Q7245779,prison farm
Q9286736,Hato
Q11697931,Farm
Q12317354,hovedgård
Q3354019,seat farm
Q12715564,husmannsplass
Q12716802,Matrikkelgard
Q13411064,pastoral lease
Q16423630,abandoned farm
Q18600709,Chefsgaard
Q18663765,stud farm
Q108696,horse stud farm
Q1729821,Schweizer Nationalgestüt
Q15463116,wild horse stud farm
Q17319854,Haras Nationaux
Q94140445,Royal Herd of Aranjuez
Q19393982,urgård
Q21051254,Einhof
Q22958233,farm of Norway
Q23925100,Bischofshof
Q28710264,organic farm
Q42811590,farmyard
Q55669439,ostrich farm
Q57946620,pig farm
Q58036156,Ackerbürgerhaus
Q65057939,lampuotitila
Q66493917,proprietærgård
Q67462766,lenní statek
Q72030539,farmstead
Q79633016,Broumov farmhouses
Q96096605,Farmhouses in Hälsingland
Q97441319,worm farm
Q98141352,Hofmauer
Q98398975,Zweiseithof
Q98446431,Ökonomiehof
Q104376770,pick-your-own farm
Q634099,rural settlement of Russia
Q780287,Aussenwacht
Q1471114,chacra
Q2023000,khutor
Q11997521,rekketun
Q65660829,chutar
Q2514025,posyolok
Q5175541,Cottage country
Q65665664,pasiolak
Q2940766,Casa colonica
Q3661417,casale
Q4129217,vyselok
Q4379239,przysiółek
Q5268974,Dhani and villages
Q5756064,casería
Q6017815,Kishlak
Q6148126,jamoat
Q7290796,ranchería
Q23870569,ranchería of California
Q7963016,Walled village
Q11912920,casal
Q12225020,uzlah
Q15793693,caserío
Q16652878,заимка
Q17318027,rural commune of Morocco
Q18729324,razyezd
Q19884342,village of North Macedonia
Q21507948,former village
Q21856567,agro-town
Q1989945,agrotown
Q24026248,участок
Q25412751,rural entity in Chile
Q17624511,caserío
Q25412758,aldea de Chile
Q25412759,asentamiento minero de Chile
Q25412760,fundo de Chile
Q25412771,parcela de Chile
Q25412772,comunidad agrícola de Chile
Q25412779,campamento de Chile
Q25412780,comunidad indígena de Chile
Q25412784,veranada
Q25412785,parcela de agrado
Q27254663,assentament ferroviari
Q27254666,urban-type settlement by the railway station
Q27295972,посёлок железнодорожной платформы
Q27517483,railroad crossing
Q27517998,маяк
Q27518087,казарма
Q27518260,монтёрский пункт
Q27518266,метеостанция
Q27518282,гидрологический пост
Q27518287,контрольный пункт связи
Q27518793,железнодорожный блокпост
Q27526294,железнодорожный пост
Q27526303,лесной посёлок
Q27531730,kordon
Q27532791,железнодорожная будка
Q27532818,железнодорожная казарма
Q27537456,железнодорожный дом
Q27537502,посёлок лесоучастка
Q27566198,остановочная платформа
Q27577201,железнодорожная платформа
Q27588300,железнодорожная площадка
Q27588331,посёлок совхоза
Q36728566,ranger station
Q56312482,Сельцо
Q57976957,historic hamlet
Q74293993,rural municipality
Q74403295,Village Haji Ali Muhammad Rahu
Q10425988,bandyfäste
Q10564515,monzenmachi
Q10840661,urban area of Vietnam
Q1070942,commune-level town of Vietnam
Q10840669,Class V town
Q2112349,district-level town of Vietnam
Q11183787,Ortschaft
Q11302190,kotan
Q11423996,zaigōmachi
Q11457718,jinaimachi
Q11658180,jin'yamachi
Q11723820,jednostka osadnicza
Q11732217,Flecken
Q11836709,dvorec
Q11939023,population nucleus (Spain)
Q2989421,concejo de Navarra
Q3055118,single entity of population
Q11912920,casal
Q13526752,lugar
Q20541692,"settlement in Galicia
Q15725677,pedanía
Q6350957,"district of Cartagena
Q11940652,Valencian pedania
Q64911820,populated area of the city of Alicante
Q12038856,mošav ovdim
Q12051488,populated place in Ukraine
Q21672098,village of Ukraine
Q12075102,історичне населене місце
Q12116124,Kutan
Q12134916,center of oblast
Q12336407,sommerhusområde
Q1406318,Holiday Village
Q12551453,nomadic camp
Q13099270,Setring
Q13134576,ambonezenkamp
Q13410464,county of Maryland
Q13583718,Chora
Q14379247,Rural–urban fringe
Q14601169,human fortified settlement
Q14829592,Haufendorf
Q15008703,daba
Q15142636,pirate haven
Q15303838,municipality seat
Q8254378,cabecera municipal
Q15725677,pedanía
Q15793693,caserío
Q15881338,Rivierdalnederzetting
Q15921247,constituent locality
Q15975450,smallholding
Q97145897,Kanalgehöft
Q16155707,Městys
Q16451291,Geležinkelio stoties gyvenvietė
Q16480895,
Q13100073,village-level division in China
Q16577077,Miejscowości Samoa Amerykańskiego
Q16638537,городок
Q620509,military town
Q4055738,авиагородок
Q16679728,Населённые пункты в Казахстане
Q16942708,Cardu
Q16969603,settlement
Q17011863,Shaker community
Q17050310,Vorstadt
Q17051044,mahalle
Q17305746,northern settlement of Saskatchewan
Q17540983,Open air sites in Austria
Q17634997,balneario
Q18009853,stedelijk gebied
Q18632459,ulus
Q18691480,vaara-asutus
Q19285917,Höhensiedlung
Q19388266,Sæterbebyggelse
Q19796166,Железинка
Q19817970,Derevnja
Q19903011,Jewish locality
Q20102367,talaiotic village
Q20541692,"settlement in Galicia
Q20616831,flooded village
Q20724701,city or town in Armenia
Q22674925,former populated place
Q74047,ghost town
Q2974842,lost city
Q7251867,proto-city
Q14616455,destroyed city
Q20909618,sunken city
Q15661340,ancient city
Q148837,polis
Q2202509,Roman city
Q213468,municipium
Q756780,colonia
Q763590,vicus
Q918230,Roman villa
Q252021,villa rustica
Q2525994,villa urbana
Q782970,Domus
Q74523705,villa maritima
Q3559137,Gallo-Roman city
Q5871700,fundus
Q26201757,Civitas foederata
Q55780222,Roman colonies in Berber Africa
Q93431946,civitas stipendiara
Q69391739,Greek colony
Q100268926,iberian settlement
Q4205191,исчезнувшие населённые пункты Усть-Кутского района
Q22674930,destroyed settlement
Q14616455,destroyed city
Q22674939,sunken settlement
Q20909618,sunken city
Q27654220,abandoned hamlet
Q1708422,settlement site
Q1797396,Küstenwohnplatz
Q4443227,Stone Age settlement site
Q49956097,paleolithic site
Q56366312,Заскальная
Q29959075,housepit
Q64524328,kenttä
Q55076205,kolttakenttä
Q65037959,village site
Q10727088,Ödesbölen
Q65038006,foundation of a house
Q65048099,foundations of goahti
Q65064889,Bronze Age settlement site
Q65065011,Iron Age settlement site
Q4205192,исчезнувшие сёла Белогорского района Крыма
Q4205194,исчезнувшие сёла Кировского района Крыма
Q4205195,исчезнувшие сёла Красногвардейского района Крыма
Q4205196,исчезнувшие сёла Красноперекопского района Крыма
Q4205197,исчезнувшие сёла Ленинского района Крыма
Q4205199,исчезнувшие сёла Первомайского района Крыма
Q4205201,исчезнувшие сёла Сакского района Крыма
Q4205202,исчезнувшие сёла Симферопольского района Крыма
Q4205204,исчезнувшие сёла Черноморского района Крыма
Q12232785,כפר פלסטיני עקור
Q14601169,human fortified settlement
Q20616831,flooded village
Q21507948,former village
Q22674939,sunken settlement
Q24258416,railway station
Q25398029,exurb
Q25450277,lähiöt Suomessa
Q25504578,asundus
Q26714626,large village
Q27062006,станция
Q27134986,place of destination
Q27554677,former capital
Q1025961,capital of Japan
Q4442912,capital of Russia
Q27905703,Portus
Q28107315,quartier of Saint Barthélemy
Q28169748,Amsar
Q28203007,administrative sector
Q87518090,municipal sector
Q87542664,sector of Marseille
Q28517279,population entity in Chile
Q25412751,rural entity in Chile
Q25412770,urban entity in Chile
Q25412763,city in Chile
Q25412766,town of Chile
Q28942344,Indigenous Australian community
Q7113057,outstation
Q29043077,civil parish group
Q29048704,traditional settlement in Greece
Q29414133,Communities of Cyprus Republic
Q29467088,rural municipality of Nepal
Q30504307,maritime settlement
Q30504342,riverside settlement
Q30559493,kalakenttä
Q30892871,inhabited area
Q453909,built-up area
Q469510,30 km/h zone (20 mph zone)
Q893555,borgo
Q96034032,Zabudowa
Q30892276,Застройка повышенной плотности
Q96033523,историческая застройка
Q40131033,member city of Eurotowns
Q41108733,settlement of Andorra
Q41501164,village of Crimea
Q56345297,город
Q56885310,compact rural community
Q58270523,Höhlenstation
Q59501724,human settlement of Cyprus Republic
Q60351842,Complex of Communities of Cyprus Republic
Q60995739,moated settlement
Q61089180,part of municipality in the Czech Republic
Q56398194,core municipal part with the same name as the municipality in the Czech Republic
Q62130005,villa de Uruguay
Q67259991,Hinterland communities of  South East Queensland
Q68982447,sector of Girona
Q72025746,gateway city
Q78053217,basic unit of settlement
Q79791637,fermtoun
Q82350989,unenclosed settlement
Q85775242,Kāinga
Q87412232,Alsaroti Corner Building
Q91730648,urban-type settlement in Belarus
Q93445941,stork village
Q95246722,Vila
Q98437811,Fischersiedlung
Q98446331,Zwiehof
Q98966896,coastal settlement
Q102104752,city of Bosnia and Herzegovina
Q104530309,Lagerdorf
Q104641871,taajaman osa
### Q19610511, Township : _wdadd_ 
Q19610511,township
Q28111,township in the United States
Q1394476,civil township
Q2154459,New England town
Q15411479,town of Connecticut
Q6643834,township of North Dakota
Q7132722,paper township of Ohio
Q5251732,"defunct townships of Cuyahoga County
Q7830213,township of New Jersey
Q9035798,township of Pennsylvania
Q15219655,civil town of Wisconsin
Q17198524,civil township of South Dakota
Q17198545,township of Illinois
Q17198620,township of Ohio
Q17201685,township of Indiana
Q17205621,township of Iowa
Q17205735,township of Kansas
Q17205774,township of Michigan
Q17351697,township of New Hampshire
Q42211429,township of Minnesota
Q15063142,urban township of Minnesota
Q5086782,charter township of Michigan
Q6270791,township of Missouri
Q6643832,township of North Carolina
Q7647102,survey township
Q7830213,township of New Jersey
Q7900180,urban township of the United States
Q7900181,urban township of Michigan
Q7900183,urban township of Ohio
Q15063142,urban township of Minnesota
Q17198524,civil township of South Dakota
Q17198545,township of Illinois
Q17205774,township of Michigan
Q24027556,township of Arkansas
Q64138263,township of Nebraska
### Q1867183, local government area of Australia : _wdadd_ 
Q1867183,local government area of Australia
Q1849126,local government area of Victoria
Q28924735,"unincorporated area of Victoria
Q30129411,former local government area of Australia
Q7339483,road district of Victoria
Q29301263,former local government area of Tasmania
Q64827141,former local government area of South Australia
Q55557858,local government area of Western Australia
Q15643757,shire of Western Australia
Q55558027,local government area of South Australia
Q55558200,local government area of New South Wales
Q58937084,county council of New South Wales
Q55593624,local government area of Queensland
Q55671590,local government area of the Northern Territory
Q55687066,local government area of Tasmania
### Q1906268, municipality of Bulgaria : _wdadd_ 
Q1906268,municipality of Bulgaria
### Q1639634, local government area of Nigeria : _wdadd_ 
Q1639634,local government area of Nigeria
### Q3076994, commune of Cameroon : _wdadd_ 
Q3076994,commune of Cameroon
### Q27676416, city or town - type of local municipality in Quebec (Quebec don’t make the difference between city or town) : _wdadd_ 
Q27676416,city or town
### Q783930, municipalities and cities of Serbia : _wdadd_ 
Q783930,municipalities and cities of Serbia
Q17166802,city municipality of Serbia
Q3976659,subdivisions of Belgrade
### Q192287, administrative territorial entity of Russia : _wdadd_ 
Q192287,subdivisions of Russia
Q43263,federal subject of Russia
Q41162,republic of Russia
Q183342,federal city of Russia
Q184122,autonomous okrug of Russia
Q309166,autonomous oblast of Russia
Q831740,krai of Russia
Q835714,oblast of Russia
Q462667,administrative territorial entity of Moscow
Q4057820,administrative okrug of Moscow
Q4373614,settlement of Moscow
Q4389092,district of Moscow
Q4456179,territorial unit with special status of Moscow
Q23759482,городская часть Москвы
Q565410,economic region of Russia
Q604885,administrative territorial entity of the Republic of Dagestan
Q904526,Administrative divisions of the Republic of Bashkortostan
Q904571,administrative divisions of the Republic of Buryatia
Q905577,administrative territorial entity of Tuva
Q6838968,Kozhuun
Q1849719,municipal formation in Russia
Q634099,rural settlement of Russia
Q2115448,intra-city territory of a federal city
Q4389092,district of Moscow
Q42619282,municipal okrug of Saint Petersburg
Q2661988,urban settlement in Russia
Q3677886,Circondario rurale
Q13626398,urban okrug in Russia
Q60849925,municipal district in Russia
Q6838968,Kozhuun
Q18632459,ulus
Q2381977,inter-settlement territory
Q2520666,Administrative divisions of Perm Krai
Q2578772,inhabited locality in Russia
Q187768,cities and towns in Russia
Q4436080,"city with a population of more than 10
Q4436777,"rural locality with a population of more than 10
Q4437001,stanitsa in Russia
Q19817993,Selo
Q4056979,agglomeration of Russia
Q4057826,administrative okrug
Q13366014,military district of Russia
Q15078955,urban-type settlement in Russia
Q20019082,work settlement of Russia
Q27517161,курортный посёлок в России
Q27587491,городской посёлок
Q15195406,city district in Russia
Q4389092,district of Moscow
Q14242187,city district of Nizhny Novgorod
Q15982377,selsoviet of Russia
Q18398645,types of towns and cities in Russia
Q183342,federal city of Russia
Q5123997,city of federal subject significance of Russia
Q56575365,city of krai significance
Q56580032,city of republic significance
Q56580326,city of okrug significance
Q56580425,city of oblast significance
Q7830079,town of district significance in Russia
Q20867225,volost of Russia
Q28035482,administrative territorial entity of the Republic of Crimea
Q42619282,municipal okrug of Saint Petersburg
Q60849925,municipal district in Russia
Q60913568,village in Russia
### Q3750285, administrative territorial entity of Canada : _wdadd_ 
Q3750285,administrative territorial entity of Canada
Q2879,province or territory of Canada
Q3408494,list of proposed provinces and territories of Canada
Q9357527,territory of Canada
Q11828004,province of Canada
Q155239,Indian reserve
Q81064299,indian reserve in Quebec
Q688718,administrative territorial entity of Quebec
Q204613,regional county municipality
Q3518817,equivalent territory
Q2826814,urban agglomeration in Québec
Q2986739,school board of Quebec
Q2991484,county of Canada
Q603715,county of New Brunswick
Q2991491,historic county of Quebec
Q3248567,county of Prince Edward Island
Q11774771,county of Nova Scotia
Q14763041,county of Ontario
Q2991491,historic county of Quebec
Q6302972,judicial district of Quebec
Q15235045,metropolitan community of Quebec
Q19905455,borough
Q578521,borough of Montreal
Q55998242,Administrative Region of Quebec
Q204613,regional county municipality
Q81063407,local territorial organization
Q3327873,local municipality of Quebec
Q3558965,Cree village
Q3559003,northern village
Q17290932,Cree reserved land
Q27676414,city
Q27676416,city or town
Q27676420,village municipality of Quebec
Q27676422,township municipality
Q27676424,united townships municipality
Q27676428,municipality
Q27676431,naskapi village municipality
Q27676524,parish municipality
Q27824520,Inuit reserved land
Q29386689,terres réservées aux Naskapis
Q81064299,indian reserve in Quebec
Q81066200,unorganized area in Quebec
Q104782082,territoire hors MRC
Q956318,designated place of Canada
Q1388464,regional municipality in Canada
Q14762890,regional municipality of Ontario
Q1536372,census division of Ontario
Q3327899,municipality of Ontario
Q14762300,single-tier municipality
Q6593035,separated municipality in Ontario
Q15210668,lower-tier municipality
Q16295254,upper-tier municipality
Q14762890,regional municipality of Ontario
Q14763041,county of Ontario
Q55774719,township municipality in Ontario
Q4204495,former county of Ontario
Q14763130,district of Ontario
Q17344046,unorganized area of Ontario
Q1850674,regional district of British Columbia
Q2936646,township of Canada
Q23019040,geographic township of Quebec
Q96759164,geographic township of Ontario
Q2973938,electoral district of Canada
Q5030865,provincial/territorial electoral district in Canada
Q2973931,provincial electoral district of Quebec
Q3032145,Electoral Districts of 1939
Q4711861,provincial electoral district of Alberta
Q6564784,provincial electoral district of British Columbia
Q6591764,provincial electoral district of New Brunswick
Q6592593,provincial electoral district of Nova Scotia
Q6593033,provincial electoral district of Ontario
Q6596424,provincial electoral district of Saskatchewan
Q15896168,territorial electoral district of the Northwest Territories
Q19823486,provincial electoral district of Prince Edward Island
Q47454928,territorial electoral district of Yukon
Q47454933,territorial electoral district of Nunavut
Q47454980,provincial electoral district of Newfoundland and Labrador
Q47455017,provincial electoral district of Manitoba
Q17202187,federal electoral district of Canada
Q3248048,federal electoral district in Quebec
Q4711849,federal electoral district in Alberta
Q5774261,Historical federal electoral districts of Canada
Q6593031,federal electoral district in Ontario
Q6619312,federal electoral district in British Columbia
Q15063368,federal electoral district in Manitoba
Q15063373,federal electoral district in New Brunswick
Q15063379,federal electoral district in Newfoundland and Labrador
Q15063384,federal electoral district in Nova Scotia
Q15063391,federal electoral district in Prince Edward Island
Q15063395,federal electoral district in Saskatchewan
Q47455491,municipal electoral district in Canada
Q6936314,Municipal electoral districts of Quebec
Q47455500,municipal electoral district of Toronto
Q47455759,municipal electoral district of Calgary
Q47456033,municipal electoral district of Montreal
Q47486824,municipal electoral district of Ottawa
Q47489971,municipal electoral district of Vancouver
Q47489972,municipal electoral district of Edmonton
Q47489973,municipal electoral district of Halifax
Q47489974,municipal electoral district of Winnipeg
Q56071300,municipal electoral district of Gatineau
Q56117998,municipal electoral district of Laval
Q56118117,"municipal electoral district of London
Q56118173,municipal electoral district of Mississauga
Q3252517,list of communities in Newfoundland and Labrador
Q3518810,unorganized area of Canada
Q17344046,unorganized area of Ontario
Q81066200,unorganized area in Quebec
Q3788231,Municipal government in Canada
Q2218838,list of municipalities in Nova Scotia
Q5532181,General Service Area
Q6643749,list of towns in Nova Scotia
Q15731904,municipal district of Nova Scotia
Q2416047,list of communities in Alberta
Q2089229,list of cities in Alberta
Q6621998,list of hamlets in Alberta
Q6641762,summer village in Alberta
Q6644696,village in Alberta
Q7574919,specialized municipality in Alberta
Q14762205,municipal district of Alberta
Q15234658,improvement district of Alberta
Q18285253,Alberta special area
Q28656402,new town in Alberta
Q55430416,town in Alberta
Q55440238,city in Alberta
Q3111821,list of communities in New Brunswick
Q603715,county of New Brunswick
Q2371398,Regional Service Commission
Q2989369,rural community of New Brunswick
Q3032041,local service district
Q3252927,parish in New Brunswick
Q6609748,city of New Brunswick
Q6644759,village of New Brunswick
Q52132873,town
Q3327873,local municipality of Quebec
Q3327874,rural municipality of Canada
Q3327899,municipality of Ontario
Q11774771,county of Nova Scotia
Q15068900,town in Prince Edward Island
Q20538317,village in Saskatchewan
Q44529188,town
Q44551483,city
Q59341087,town in Nova Scotia
Q60458065,city
Q5283563,district of the Northwest Territories
Q6664529,local services board
Q14762205,municipal district of Alberta
Q15618485,administrative territorial entity of Prince Edward Island
Q3248567,county of Prince Edward Island
Q3250999,community of Prince Edward Island
Q3252931,parish in Prince Edward Island
Q15068900,town in Prince Edward Island
Q15726214,school district of Canada
Q16211218,Indian settlement
Q17202187,federal electoral district of Canada
Q21507383,provincial or territorial capital city in Canada
Q23953065,local urban district
Q48834786,Local service district
Q3032041,local service district
Q16466688,Local Service District
### Q20732236, administrative territorial entity of Trinidad and Tobago : _wdadd_ 
Q20732236,administrative territorial entity of Trinidad and Tobago
Q1996198,regional corporation or municipality of Trinidad and Tobago
Q20732239,regional corporation of Trinidad and Tobago
### Q2008050, municipality of Albania : _wdadd_ 
Q2008050,municipality of Albania
Q768307,bashki
Q1781058,komuna
### Q20724701, city or town in Armenia : _wdadd_ 
Q20724701,city or town in Armenia
### Q3685430, municipality of Armenia : _wdadd_ 
Q3685430,municipality of Armenia
Q20724701,city or town in Armenia
Q28328984,village in Armenia
### Q749622, Antarctic research station : _wdadd_ 
Q749622,Antarctic research station
### Q2706302, municipality of Bosnia and Herzegovina : _wdadd_ 
Q2706302,municipality of Bosnia and Herzegovina
Q16085106,local administrative entity
Q17268368,municipality of the Federation of Bosnia and Herzegovina
Q57315116,municipality of the Republika Srpska
### Q57058, municipality of Croatia : _wdadd_ 
Q57058,municipality of Croatia
### Q17268368, municipality of the Federation of Bosnia and Herzegovina : _wdadd_ 
Q17268368,municipality of the Federation of Bosnia and Herzegovina
### Q1906268, municipality of Bulgaria : _wdadd_ 
Q1906268,municipality of Bulgaria
### Q15630849, village of Bulgaria : _wdadd_ 
Q15630849,village of Bulgaria
### Q1780506, commune of Benin : _wdadd_ 
Q1780506,commune of Benin
### Q3184121, municipality of Brazil : _wdadd_ 
Q3184121,municipality of Brazil
### Q15210668, lower-tier municipality : _wdadd_ 
Q15210668,lower-tier municipality
### Q155239, Indian reserve in Canada : _wdadd_ 
Q155239,Indian reserve
Q81064299,indian reserve in Quebec
### Q27676420, village municipality of Quebec : _wdadd_ 
Q27676420,village municipality of Quebec
### Q27676428, municipality : _wdadd_ 
Q27676428,municipality
### Q6644703, village in British Columbia : _wdadd_ 
Q6644703,village in British Columbia
### Q6644696, village in Alberta : _wdadd_ 
Q6644696,village in Alberta
### Q17366755, hamlet in Alberta : _wdadd_ 
Q17366755,hamlet in Alberta
### Q6593035, separated municipality in Ontario : _wdadd_ 
Q6593035,separated municipality in Ontario
### Q14762300, single-tier municipality : _wdadd_ 
Q14762300,single-tier municipality
Q6593035,separated municipality in Ontario
### Q14762205, municipal district of Alberta : _wdadd_ 
Q14762205,municipal district of Alberta
### Q27676422, township municipality : _wdadd_ 
Q27676422,township municipality
### Q3327874, rural municipality of Canada : _wdadd_ 
Q3327874,rural municipality of Canada
### Q956318, designated place of Canada : _wdadd_ 
Q956318,designated place of Canada
### Q27676420, village municipality of Quebec : _wdadd_ 
Q27676420,village municipality of Quebec
### Q27676524, parish municipality : _wdadd_ 
Q27676524,parish municipality
### Q3518810, unorganized area of Canada ( geographic region in Canada not part of a municipality or Indian reserve ) : _wdadd_ 
Q3518810,unorganized area of Canada
Q17344046,unorganized area of Ontario
Q81066200,unorganized area in Quebec
### Q6616960, district municipality in British Columbia : _wdadd_ 
Q6616960,district municipality in British Columbia
### Q15731904, municipal district of Nova Scotia : _wdadd_ 
Q15731904,municipal district of Nova Scotia
### Q17305746, Northern settlement of Saskatchewan : _wdadd_ 
Q17305746,northern settlement of Saskatchewan
### Q3327873, local municipality of Quebec : _wdadd_ 
Q3327873,local municipality of Quebec
Q3558965,Cree village
Q3559003,northern village
Q17290932,Cree reserved land
Q27676414,city
Q27676416,city or town
Q27676420,village municipality of Quebec
Q27676422,township municipality
Q27676424,united townships municipality
Q27676428,municipality
Q27676431,naskapi village municipality
Q27676524,parish municipality
Q27824520,Inuit reserved land
Q29386689,terres réservées aux Naskapis
### Q5532181, General Service Area : _wdadd_ 
Q5532181,General Service Area
### Q2679157, commune of Ivory Coast : _wdadd_ 
Q2679157,commune of Ivory Coast
### Q5172823, corregimiento of Colombia : _wdadd_ 
Q5172823,corregimiento of Colombia
### Q2997887, corregimiento departamental of Colombia : _wdadd_ 
Q2997887,corregimiento departamental of Colombia
### Q5780443, comuna of Colombia : _wdadd_ 
Q5780443,comuna of Colombia
Q18534366,commune of Medellín
### Q2292572, district of Costa Rica : _wdadd_ 
Q2292572,district of Costa Rica
### Q16739079, municipality of Cyprus : _wdadd_ 
Q16739079,municipalities of Cyprus Republic
### Q2602693, municipality of Honduras : _wdadd_ 
Q2602693,municipality of Honduras
### Q2225692, fourth level administrative division in Indonesia : _wdadd_ 
Q2225692,fourth-level administrative division in Indonesia
Q882149,nagari
Q4285979,gampong
Q12488911,kampung
Q12488913,kampung of Papua
Q19944049,pekon
Q23308490,dusun
Q26211545,desa
Q97202782,negeri
### Q965568, kelurahan , type of village or group of villages in Indonesia : _wdadd_ 
Q965568,kelurahan
### Q2151232, townland : _wdadd_ 
Q2151232,townland
### Q1288520, local council in Israel : _wdadd_ 
Q1288520,local council in Israel
### Q16861602, municipal council : _wdadd_ 
Q16861602,municipal council
### Q3327862, urban commune of Morocco : _wdadd_ 
Q3327862,urban commune of Morocco
### Q4229812, commune of Moldova : _wdadd_ 
Q4229812,commune of Moldova
### Q2919801, municipality of Luxembourg : _wdadd_ 
Q2919801,municipality of Luxembourg
### Q1363145, municipality of Lithuania : _wdadd_ 
Q1363145,municipality of Lithuania
Q17166803,city municipality of Lithuania
Q17301072,district municipality of Lithuania
### Q646793, municipality of the Republic of Macedonia : _wdadd_ 
Q646793,municipality of North Macedonia
### Q7830262, township of Burma : _wdadd_ 
Q7830262,township of Myanmar
### Q2989470, commune of Mauritania : _wdadd_ 
Q2989470,commune of Mauritania
### Q34986717, city of Malaysia : _wdadd_ 
Q34986717,city of Malaysia
### Q605291, municipality of Niger : _wdadd_ 
Q605291,municipality of Niger
### Q1530705, village development committee of Nepal : _wdadd_ 
Q1530705,village development committee of Nepal
### Q941036, territorial authority of New Zealand : _wdadd_ 
Q941036,territorial authority of New Zealand
Q15078732,unitary authority of New Zealand
### Q3685463, corregimiento : _wdadd_ 
Q3685463,corregimiento
### Q1147395, district of Turkey : _wdadd_ 
Q1147395,district of Turkey
### Q12039044, urban township of Taiwan : _wdadd_ 
Q12039044,urban township of Taiwan
### Q713146, county-controlled city : _wdadd_ 
Q713146,County-administered city
### Q2225003, special municipality : _wdadd_ 
Q2225003,special municipality
### Q42523, atoll : _wdadd_ 
Q42523,atoll
Q15629617,unorganized atoll of American Samoa
### Q1077097, tambon - central government unit in Thailand : _wdadd_ 
Q1077097,tambon
Q618123, geographical object , _wdtcopy_ 
